ts,round,terror_ids,map_id
260518045651,Classic,100,47
260518045653,Classic,126,34
260518045712,Cracked,86,48
260518045718,Alternate,148,36
260518045731,Classic,109,23
260518045737,Classic,133,51
260518045757,Classic,43,2
260518045759,Classic,20,69
260518045812,Bloodbath,16;103;110,56
260518045821,Classic,9,47
260518045840,Classic,47,28
260518045844,Classic,119,41
260518045853,Classic,28,37
260518045902,Classic,22,63
260518045924,Bloodbath,106;112;120,4
260518045934,Classic,5,33
260518045943,Classic,31,17
260518045953,8 Pages,33;42,47
260518050005,Classic,82,37
260518050027,Classic,127,36
260518050034,Classic,96,55
260518050046,8 Pages,7;38,25
260518050049,Randomizer,131,13
260518050109,Classic,85,7
260518050118,Classic,129,65
260518050128,Classic,61,52
260518050131,Classic,63,38
260518050149,Classic,96,63
260518050159,Bloodbath,48;74;80,59
260518050208,Randomizer,20,8
260518050212,Classic.exe,7,1
260518050230,Classic,19,64
260518050240,Classic,50,45
260518050249,Classic,114,67
260518050253,Classic,77,65
260518050312,Classic,113,69
260518050321,Classic,55,23
260518050331,Randomizer,83,44
260518050334,Classic,2,39
260518050353,Classic,92,5
260518050402,fog,,51
260518050412,Classic,46,50
260518050415,fog,,25
260518050433,Classic,52,40
260518050443,Classic,93,3
260518050453,Classic,8,8
260518050456,Classic,11,33
260518050514,Classic,67,54
260518050527,Classic,24,67
260518050534,Bloodbath,67;90;128,65
260518050538,Alternate,162,48
260518050556,Classic,37,42
260518050608,Classic.exe,83,19
260518050615,Classic,126,37
260518050618,Classic,90,15
260518050637,Classic,127,70
260518050649,Classic,45,46
260518050656,Classic,79,5
260518050659,Classic.exe,9,19
260518050718,Classic,12,29
260518050730,Unbound,215,2
260518050736,Bloodbath,36;45;88,38
260518050740,Classic,122,50
260518050759,Classic,71,22
260518050810,Classic,118,10
260518050817,Classic,19,2
260518050821,Bloodbath,74;109;113,32
260518050840,Classic,124,51
260518050851,Randomizer,14,14
260518050858,Classic,68,70
260518050902,Classic,12,4
260518050920,Classic,133,53
260518050932,Classic,97,23
260518050939,Bloodbath,8;42;49,67
260518050943,Classic,64,51
260518051001,Classic,27,7
260518051013,Classic,112,33
260518051020,Classic,2,20
260518051024,Midnight,70;79;135,61
260518051042,Classic,21,26
260518051054,Randomizer,70,66
260518051101,Classic.exe,97,71
260518051105,Ghost,7,52
260518051124,Classic,63,69
260518051134,Classic,128,34
260518051143,Classic,64,56
260518051146,Classic,60,62
260518051205,Classic,51,31
260518051215,Randomizer,0,57
260518051224,Classic,92,67
260518051228,Bloodbath,23;51;94,25
260518051246,Classic,22,11
260518051256,Classic,30,12
260518051306,Alternate,156,17
260518051308,Classic,34,2
260518051327,Classic,119,33
260518051337,Alternate,153,26
260518051347,Classic,47,56
260518051350,Bloodbath,82;111;115,2
260518051409,Classic,75,25
260518051419,Classic,69,28
260518051427,Bloodbath,15;28;123,63
260518051431,Unbound,261,5
260518051450,Classic,91,59
260518051459,Bloodbath,37;112;128,62
260518051508,Classic,97,62
260518051512,Classic,125,26
260518051531,Classic,60,3
260518051540,Classic,7,31
260518051549,Classic,64,49
260518051553,Alternate,156,18
260518051611,Classic,98,42
260518051621,Classic.exe,120,60
260518051630,Bloodbath,27;46;63,24
260518051634,Classic,109,70
260518051652,Classic,77,59
260518051702,Classic,117,2
260518051715,Bloodbath,79;113;124,52
260518051733,Classic,108,20
260518051743,Classic,66,69
260518051756,Classic,27,34
260518051814,Classic,80,48
260518051824,Alternate,158,37
260518051829,Run,,1
260518051836,Midnight,86;88;147,59
260518051855,Classic,129,59
260518051904,Classic,9,65
260518051910,Classic,73,25
260518051918,Classic,9,56
260518051938,Classic,91,55
260518051945,Classic,53,57
260518051951,Bloodbath,103;104;117,30
260518051958,Midnight,38;55;141,31
260518052019,Classic,100,52
260518052027,Bloodbath,40;66;122,59
260518052032,Classic,16,9
260518052039,Classic,126,1
260518052100,Classic,42,6
260518052108,Classic,98,29
260518052113,Classic,121,71
260518052120,Randomizer,81,30
260518052141,Classic,64,52
260518052149,Alternate,140,58
260518052156,fog,,25
260518052224,Classic,34,10
260518052230,Classic,110,60
260518052233,8 Pages,0;54,61
260518052236,Classic,83,68
260518052305,Classic,2,60
260518052310,Bloodbath,57,51
260518052314,Randomizer,80,1
260518052317,Bloodbath,28;86;92,25
260518052346,Classic,21,9
260518052351,Classic,21,8
260518052355,Classic,58,46
260518052359,Classic,56,71
260518052426,Classic,54,27
260518052432,Bloodbath,5;37;109,25
260518052436,Classic,22,41
260518052439,Classic,122,68
260518052507,Classic,113,0
260518052513,Classic,105,56
260518052517,Classic.exe,59,70
260518052520,Bloodbath,67;103;127,7
260518052549,Classic,75,34
260518052554,Classic,131,13
260518052557,Classic,89,22
260518052602,Classic,33,32
260518052630,Classic,6,54
260518052638,Classic.exe,7,19
260518052642,Alternate,142,58
260518052706,8 Pages,6;60,8
260518052710,Classic,17,70
260518052719,Classic,28,48
260518052725,Classic,4,36
260518052747,Classic,16,53
260518052753,Classic,6,65
260518052800,Randomizer,72,45
260518052806,Classic,101,34
260518052828,Classic,17,61
260518052834,Classic,96,25
260518052841,Classic,28,3
260518052847,Alternate,160,66
260518052909,Bloodbath,53;111;118,3
260518052915,Classic,63,71
260518052922,Classic,101,70
260518052928,Classic,121,57
260518052950,Classic,51,6
260518053003,Alternate,134,14
260518053009,Randomizer,81,53
260518053030,Alternate,153,9
260518053043,Classic,117,41
260518053050,Classic,14,24
260518053112,Classic,21,71
260518053114,Run,,1
260518053124,Randomizer,10,68
260518053134,Classic,24,57
260518053153,Classic,47,10
260518053157,Classic,42,68
260518053205,Classic,53,71
260518053215,Alternate,148,6
260518053234,Randomizer,108,46
260518053237,Classic,58,25
260518053246,Classic,1,31
260518053256,Classic,80,45
260518053315,Classic,9,41
260518053318,Classic,52,3
260518053327,Bloodbath,1;71;120,8
260518053337,Bloodbath,37;75;77,1
260518053356,Classic,53,16
260518053359,Classic,68,64
260518053408,Unbound,220,41
260518053418,Classic,57,3
260518053436,Bloodbath,42;46;82,17
260518053440,Classic,106,1
260518053449,Bloodbath,68;75;95,6
260518053458,Midnight,85;86;167,66
260518053518,Classic,116,35
260518053521,Classic,71,37
260518053530,Classic,104,24
260518053539,Classic,34,39
260518053558,Randomizer,45,8
260518053602,Classic,27,34
260518053611,Randomizer,115,41
260518053620,Alternate,138,39
260518053639,Classic,77,59
260518053642,Classic,35,66
260518053651,Classic,88,40
260518053701,Classic,107,65
260518053720,Classic,81,46
260518053723,Classic,98,55
260518053732,Bloodbath,38;126;133,21
260518053742,fog,,69
260518053801,Bloodbath,27;102;119,13
260518053804,Classic,53,66
260518053813,Classic,46,26
260518053823,Classic,115,2
260518053842,Classic,74,26
260518053846,Classic,56,62
260518053854,Classic,15,23
260518053905,Classic,67,55
260518053924,Bloodbath,0;5;43,39
260518053928,Classic,68,3
260518053935,Cracked,88,38
260518053946,Randomizer,0,4
260518054005,Classic,59,38
260518054009,Classic,93,31
260518054016,Classic,82,59
260518054028,Classic,97,52
260518054047,Alternate,134,62
260518054050,Classic,77,13
260518054057,Classic,110,28
260518054109,Midnight,14;24;169,16
260518054127,Classic,48,9
260518054131,Classic,6,16
260518054137,Cracked,14,68
260518054150,Classic,87,7
260518054209,Classic,109,18
260518054212,Classic,55,30
260518054219,Classic,33,27
260518054231,Classic,82,46
260518054250,Bloodbath,10;36;37,64
260518054253,Classic,13,51
260518054259,Double Trouble,14;118,39
260518054312,Midnight,26;65;168,38
260518054331,Classic,40,15
260518054335,Classic,116,46
260518054340,Classic,121,51
260518054353,Classic,27,42
260518054412,Classic,71,27
260518054416,Classic,2,45
260518054422,Classic,35,16
260518054434,Classic,24,63
260518054453,fog,,42
260518054457,Classic,70,61
260518054503,Bloodbath,50;92;119,18
260518054515,Bloodbath,30;72;82,1
260518054537,Classic,104,30
260518054543,Classic,123,2
260518054618,Classic,78,72
260518054624,Bloodbath,49;58;108,32
260518054651,Run,,1
260518054659,Classic,32,15
260518054705,Classic,116,26
260518054713,Run,,1
260518054734,Classic.exe,104,4
260518054740,Classic,14,11
260518054746,Bloodbath,24;81;90,33
260518054754,Alternate,165,51
260518054815,Classic,121,57
260518054827,Classic,39,40
260518054831,Classic,67,52
260518054837,Classic,29,57
260518054859,Classic,45,20
260518054908,Unbound,251,48
260518054911,Classic,113,61
260518054917,Alternate,134,31
260518054939,Classic.exe,96,51
260518054949,Alternate,155,60
260518054953,Classic,31,30
260518054958,Classic,98,31
260518055020,Classic,109,25
260518055030,Unbound,216,28
260518055033,Classic,76,48
260518055040,Classic,90,27
260518055101,Classic,78,8
260518055111,Classic,0,58
260518055114,Classic,34,18
260518055121,Twilight,0,67
260518055142,Randomizer,74,1
260518055152,Randomizer,60,61
260518055156,Classic,20,1
260518055202,Classic,104,39
260518055223,Classic,124,67
260518055232,Classic,25,38
260518055236,Classic,114,71
260518055243,fog,,63
260518055305,Randomizer,42,6
260518055314,Randomizer,58,29
260518055317,Classic,99,48
260518055323,Classic,5,26
260518055346,Classic,111,3
260518055354,Classic,22,9
260518055358,Classic,19,67
260518055404,Classic,29,64
260518055426,Classic,15,36
260518055435,Classic,52,33
260518055439,Classic,131,69
260518055445,Randomizer,40,46
260518055507,Bloodbath,81;93;109,26
260518055516,fog,,8
260518055520,Classic,89,0
260518055526,Ghost,105,8
260518055548,Classic,91,46
260518055557,Classic,45,64
260518055601,Classic,12,4
260518055608,Classic,29,47
260518055629,Bloodbath,4;61;74,15
260518055638,Classic,61,21
260518055642,Classic,25,11
260518055649,Randomizer,6,50
260518055710,Classic,19,2
260518055719,Randomizer,79,10
260518055723,Classic,114,55
260518055729,Classic,29,57
260518055751,Classic,70,69
260518055804,Classic,64,53
260518055810,Classic,16,0
260518055831,Bloodbath,4;52;55,25
260518055845,Classic,127,23
260518055851,Bloodbath,34;111;130,7
260518055913,Classic,93,51
260518055917,Run,,1
260518055925,Classic,44,4
260518055932,Classic,84,21
260518055953,fog,,23
260518060000,Classic,97,37
260518060006,Classic,72,22
260518060013,Ghost,105,35
260518060034,Classic,52,20
260518060041,fog,,13
260518060047,Classic,67,62
260518060054,Classic,117,10
260518060115,Classic.exe,59,45
260518060122,Classic,124,14
260518060128,Classic,110,6
260518060135,Alternate,150,13
260518060157,Classic,132,39
260518060202,Bloodbath,26;37;48,28
260518060209,Classic,89,60
260518060216,Classic,91,17
260518060238,Bloodbath,45;75;79,53
260518060244,Classic,44,11
260518060250,Classic,48,25
260518060256,Randomizer,128,71
260518060318,Classic,79,20
260518060325,Classic,38,44
260518060331,Classic,71,26
260518060337,Classic,39,46
260518060359,Classic,113,20
260518060406,Bloodbath,24;26;54,59
260518060412,Classic,115,29
260518060418,Cracked,42,37
260518060440,Randomizer,45,36
260518060446,Classic,11,20
260518060453,Classic,90,56
260518060459,Classic,99,15
260518060521,Classic,65,8
260518060527,Classic,77,47
260518060533,Classic,35,69
260518060540,Classic,124,47
260518060608,fog,,25
260518060614,Classic,61,21
260518060621,fog,,15
260518060633,8 Pages,0;52,25
260518060652,Classic,48,56
260518060655,Classic,105,25
260518060702,Classic,106,71
260518060714,Alternate,157,11
260518060733,Alternate,143,54
260518060736,Classic,71,69
260518060742,Bloodbath,27;37;93,44
260518060755,Classic,78,11
260518060814,Unbound,274,3
260518060817,Classic,108,8
260518060823,Classic,9,70
260518060836,Cracked,19,62
260518060855,Bloodbath,78;104;133,39
260518060858,Classic,24,61
260518060904,Alternate,138,50
260518060918,Classic,45,41
260518060936,Classic,55,63
260518060940,Classic,66,61
260518060946,Classic,8,51
260518060958,Classic,99,17
260518061017,Classic,57,41
260518061020,Classic,100,41
260518061027,Classic,36,6
260518061039,fog,,12
260518061058,Alternate,166,51
260518061101,Classic,86,3
260518061107,Alternate,139,28
260518061120,Classic,123,47
260518061139,Classic,41,13
260518061142,Classic,29,34
260518061148,Classic,97,22
260518061201,Classic,23,42
260518061220,Classic,47,39
260518061223,Classic,31,34
260518061229,Cracked,11,25
260518061242,Bloodbath,8;52;115,23
260518061301,Bloodbath,38;48;99,41
260518061304,Classic,93,15
260518061310,Unbound,213,20
260518061322,Classic,118,9
260518061342,Classic,25,40
260518061345,Classic,82,3
260518061351,Classic,74,32
260518061403,Randomizer,125,70
260518061423,Unbound,256,42
260518061426,Classic,101,15
260518061432,Bloodbath,40;94;127,34
260518061444,Classic,23,71
260518061504,Classic,18,10
260518061506,Classic,103,59
260518061513,Classic,41,46
260518061526,Unbound,201,2
260518061544,fog,,38
260518061548,Classic,96,50
260518061554,Classic,124,10
260518061607,Bloodbath,4;75;113,4
260518061625,Classic,22,21
260518061635,Randomizer,84,43
260518061647,Classic,112,64
260518061706,Bloodbath,2;80;124,59
260518061716,Classic,87,59
260518061728,Classic.exe,9,40
260518061747,Run,,1
260518061747,Classic,108,48
260518061757,Classic,99,36
260518061809,Classic,56,49
260518061828,Classic,76,39
260518061832,Classic,48,3
260518061838,Classic.exe,75,36
260518061850,Classic,52,4
260518061909,Classic,25,49
260518061913,Randomizer,106,8
260518061919,Classic,58,69
260518061931,Bloodbath,7;17;66,56
260518061949,Classic,108,19
260518061953,Classic,112,16
260518061959,Classic,30,1
260518062012,Classic,58,13
260518062030,Classic,58,62
260518062034,Randomizer,88,16
260518062040,Cracked,119,38
260518062053,Alternate,164,42
260518062112,Classic,81,62
260518062115,Classic,95,25
260518062121,Classic,39,43
260518062134,Classic,89,31
260518062153,Classic,62,70
260518062156,fog,,11
260518062202,Midnight,6;38;157,60
260518062215,Bloodbath,25;90;133,66
260518062234,Classic,15,31
260518062243,Classic,42,67
260518062255,Classic,80,54
260518062309,8 Pages,12;60,28
260518062315,Classic,78,70
260518062324,Classic,37,14
260518062336,fog,,64
260518062352,Classic,101,32
260518062358,Classic,80,21
260518062405,Cracked,54,23
260518062423,Classic,128,63
260518062433,fog,,45
260518062442,Classic,60,58
260518062446,Classic,91,26
260518062505,Classic,129,53
260518062514,Classic,27,65
260518062524,Classic,73,5
260518062527,fog,,11
260518062546,Randomizer,100,32
260518062555,Cracked,24,15
260518062605,Classic,119,5
260518062609,Classic,33,52
260518062627,Classic,92,5
260518062637,Classic,64,37
260518062646,Classic,27,40
260518062650,Ghost,123,0
260518062708,Classic,99,50
260518062718,Cracked,133,40
260518062727,Classic,9,44
260518062730,Classic,113,25
260518062749,Alternate,161,39
260518062759,Ghost,86,49
260518062807,Classic,34,56
260518062811,Classic,35,44
260518062830,Classic,0,13
260518062840,Classic,96,33
260518062848,Classic,79,21
260518062852,fog,,46
260518062911,Classic,4,35
260518062921,Classic.exe,89,56
260518062929,Classic,112,54
260518062933,Classic,112,52
